id,buyer_id,product_id,quantity,city,state,status,created_at,estimated_value
1,158,351,5,Amritsar,Punjab,won,2024-03-12 14:00:00,3473533.89
2,145,290,5,Thiruvananthapuram,Kerala,won,2024-09-04 11:00:00,1168230.49
3,125,119,2,Noida,Uttar Pradesh,contacted,2024-04-29 01:00:00,3361.84
4,133,406,50,Bhubaneswar,Odisha,quoted,2025-04-14 14:00:00,37740561.57
5,11,333,50,Udaipur,Rajasthan,new,2025-05-10 16:00:00,20877633.83
6,71,380,20,Jaipur,Rajasthan,negotiating,2024-10-18 05:00:00,3435482.0
7,97,188,2,Ludhiana,Punjab,quoted,2024-07-11 07:00:00,28945.71
8,91,419,50,Bhopal,Madhya Pradesh,quoted,2024-09-03 19:00:00,160103.53
9,36,226,5,Chandigarh,Chandigarh,contacted,2024-09-20 20:00:00,85401.71
10,39,96,5,Durgapur,West Bengal,quoted,2025-01-02 03:00:00,2645609.06
11,107,416,50,Hyderabad,Telangana,won,2024-09-03 21:00:00,7428896.35
12,54,303,5,Delhi,Delhi,negotiating,2024-07-29 00:00:00,495655.3
13,33,294,5,Hyderabad,Telangana,new,2024-09-19 01:00:00,2715274.55
14,38,29,5,Ludhiana,Punjab,contacted,2024-04-02 16:00:00,136184.74
15,154,289,1,Jaipur,Rajasthan,lost,2025-01-07 21:00:00,772420.18
16,22,111,200,Pune,Maharashtra,negotiating,2024-08-29 15:00:00,35596638.14
17,106,308,5,Noida,Uttar Pradesh,won,2025-02-24 05:00:00,113824.58
18,131,136,5,Guwahati,Assam,won,2024-06-24 14:00:00,5935.61
19,18,118,100,Bhopal,Madhya Pradesh,quoted,2024-02-25 00:00:00,58351581.77
20,130,351,100,Nagpur,Maharashtra,lost,2024-11-06 03:00:00,69893176.14
21,158,308,1,Amritsar,Punjab,lost,2024-09-29 16:00:00,23615.64
22,24,247,5,Howrah,West Bengal,lost,2024-10-03 00:00:00,1822020.14
23,111,268,100,Lucknow,Uttar Pradesh,quoted,2024-01-23 22:00:00,14832520.98
24,59,411,200,Thiruvananthapuram,Kerala,won,2024-07-14 11:00:00,17168166.26
25,148,51,100,Kanpur,Uttar Pradesh,new,2024-09-01 07:00:00,1877918.93
26,22,146,500,Pune,Maharashtra,quoted,2024-04-06 00:00:00,434541202.2
27,2,296,500,Hubballi,Karnataka,new,2024-01-04 12:00:00,434503880.49
28,81,210,50,Thiruvananthapuram,Kerala,new,2024-08-06 20:00:00,33810322.77
29,67,275,100,Noida,Uttar Pradesh,negotiating,2024-11-09 08:00:00,2719401.48
30,102,387,10,Ranchi,Jharkhand,quoted,2025-02-05 17:00:00,8166453.61
31,95,287,500,Howrah,West Bengal,quoted,2024-06-06 18:00:00,142045786.91
32,102,377,5,Ranchi,Jharkhand,lost,2024-12-03 03:00:00,473545.86
33,115,401,5,Hyderabad,Telangana,new,2024-09-17 12:00:00,10193.39
34,141,315,1,Bhopal,Madhya Pradesh,new,2025-05-08 20:00:00,16626.29
35,24,75,200,Howrah,West Bengal,lost,2024-08-10 02:00:00,3958841.35
36,57,190,2,Udaipur,Rajasthan,negotiating,2025-01-05 12:00:00,1595895.72
37,103,315,500,Raipur,Chhattisgarh,contacted,2025-05-08 19:00:00,8465934.21
38,45,328,200,Kochi,Kerala,quoted,2024-04-13 21:00:00,111936416.67
39,133,147,10,Bhubaneswar,Odisha,new,2024-11-02 16:00:00,138899.64
40,60,315,5,Delhi,Delhi,won,2024-07-03 07:00:00,102159.26
41,41,45,20,Jodhpur,Rajasthan,won,2024-06-29 21:00:00,3699335.41
42,151,103,500,Hyderabad,Telangana,new,2024-12-26 02:00:00,3186123.67
43,141,146,500,Bhopal,Madhya Pradesh,lost,2024-06-27 11:00:00,465715329.96
44,71,116,10,Jaipur,Rajasthan,quoted,2024-07-25 18:00:00,1271085.28
45,45,209,500,Kochi,Kerala,new,2024-02-07 16:00:00,11720398.63
46,30,412,500,Visakhapatnam,Andhra Pradesh,expired,2025-03-24 17:00:00,46587413.5
47,148,129,200,Kanpur,Uttar Pradesh,expired,2024-10-15 15:00:00,181221241.61
48,87,398,200,Ahmedabad,Gujarat,won,2025-04-04 18:00:00,253671.45
49,124,60,20,Mumbai,Maharashtra,new,2024-11-20 07:00:00,95880.06
50,59,410,50,Thiruvananthapuram,Kerala,quoted,2024-06-29 16:00:00,36609193.67
51,68,128,20,Patna,Bihar,new,2024-12-10 23:00:00,317470.19
52,20,284,5,Mysuru,Karnataka,quoted,2024-06-30 06:00:00,4043563.1
53,69,94,10,Chennai,Tamil Nadu,quoted,2024-04-12 07:00:00,10930.05
54,68,106,10,Patna,Bihar,contacted,2024-05-07 19:00:00,2817867.45
55,28,62,2,Noida,Uttar Pradesh,won,2024-12-05 15:00:00,47145.98
56,139,22,200,Jodhpur,Rajasthan,quoted,2024-06-10 15:00:00,14566332.04
57,148,141,200,Kanpur,Uttar Pradesh,contacted,2025-01-26 16:00:00,119803328.11
58,57,385,5,Udaipur,Rajasthan,new,2025-02-13 13:00:00,137130.17
59,139,17,500,Jodhpur,Rajasthan,quoted,2025-03-16 21:00:00,80917781.03
60,118,62,500,Nagpur,Maharashtra,quoted,2024-12-18 00:00:00,9728119.75
61,54,195,2,Delhi,Delhi,contacted,2024-11-09 08:00:00,609538.28
62,68,122,20,Patna,Bihar,quoted,2024-11-09 10:00:00,6786707.75
63,128,218,10,Rajkot,Gujarat,quoted,2025-01-20 11:00:00,3244617.14
64,103,144,200,Raipur,Chhattisgarh,new,2024-03-08 18:00:00,9280175.56
65,26,370,20,Pune,Maharashtra,lost,2024-10-11 13:00:00,14441380.75
66,51,75,5,Coimbatore,Tamil Nadu,quoted,2024-01-05 05:00:00,111180.62
67,35,323,500,Bhubaneswar,Odisha,quoted,2024-06-10 15:00:00,186485490.08
68,144,291,1,Howrah,West Bengal,quoted,2024-12-19 05:00:00,403674.78
69,66,244,2,Vijayawada,Andhra Pradesh,quoted,2024-06-20 08:00:00,428580.7
70,144,286,20,Howrah,West Bengal,quoted,2024-07-29 03:00:00,320361.51
71,156,102,500,Howrah,West Bengal,new,2025-02-03 09:00:00,4108814.96
72,131,250,200,Guwahati,Assam,lost,2024-07-14 19:00:00,4054098.06
73,38,86,50,Ludhiana,Punjab,quoted,2024-11-09 18:00:00,17267288.44
74,19,41,5,Pune,Maharashtra,quoted,2024-06-09 10:00:00,4295177.01
75,69,310,100,Chennai,Tamil Nadu,contacted,2024-08-15 11:00:00,3557163.69
76,134,231,100,Warangal,Telangana,new,2025-03-13 00:00:00,48633951.22
77,61,339,20,Bengaluru,Karnataka,lost,2024-12-24 23:00:00,330962.31
78,43,204,2,Jaipur,Rajasthan,new,2025-04-24 15:00:00,1662328.2
79,7,395,100,Patna,Bihar,quoted,2024-02-12 03:00:00,17255512.35
80,40,44,100,Lucknow,Uttar Pradesh,contacted,2024-05-06 23:00:00,32991047.99
81,33,68,500,Hyderabad,Telangana,lost,2024-01-15 01:00:00,313920312.85
82,84,244,200,Patna,Bihar,expired,2024-10-03 08:00:00,45374887.13
83,35,358,500,Bhubaneswar,Odisha,new,2024-11-01 14:00:00,50007182.28
84,145,223,500,Thiruvananthapuram,Kerala,negotiating,2024-09-30 09:00:00,24789504.06
85,124,277,10,Mumbai,Maharashtra,lost,2024-08-14 09:00:00,4594329.07
86,67,80,20,Noida,Uttar Pradesh,new,2024-09-24 04:00:00,4290537.51
87,121,274,1,Ahmedabad,Gujarat,won,2024-09-08 15:00:00,798585.76
88,111,409,20,Lucknow,Uttar Pradesh,negotiating,2025-02-11 00:00:00,3810054.84
89,49,211,500,Amritsar,Punjab,quoted,2024-05-07 05:00:00,2230748.5
90,100,194,10,Coimbatore,Tamil Nadu,contacted,2024-08-04 20:00:00,220913.26
91,157,414,20,Nagpur,Maharashtra,contacted,2025-01-15 17:00:00,135314.39
92,106,97,2,Noida,Uttar Pradesh,contacted,2024-05-28 03:00:00,1192614.72
93,159,232,20,Raipur,Chhattisgarh,won,2024-09-08 06:00:00,326954.76
94,39,26,500,Durgapur,West Bengal,new,2025-05-12 03:00:00,316332037.25
95,33,367,200,Hyderabad,Telangana,won,2024-04-29 02:00:00,18089055.12
96,127,112,50,Patna,Bihar,quoted,2025-02-06 15:00:00,38492943.34
97,119,357,1,Kolkata,West Bengal,contacted,2025-03-07 04:00:00,294978.25
98,101,37,500,Udaipur,Rajasthan,quoted,2024-04-08 08:00:00,1409194.81
99,4,63,10,Vadodara,Gujarat,quoted,2025-05-14 14:00:00,2854787.25
100,9,102,200,Bhopal,Madhya Pradesh,won,2024-02-18 16:00:00,1803783.02
101,54,243,100,Delhi,Delhi,won,2024-06-08 10:00:00,1960576.23
102,11,382,500,Udaipur,Rajasthan,quoted,2024-05-09 15:00:00,417289622.22
103,51,185,1,Coimbatore,Tamil Nadu,lost,2024-04-21 03:00:00,425558.53
104,112,167,1,Durgapur,West Bengal,new,2024-05-21 18:00:00,256557.59
105,63,5,1,Hyderabad,Telangana,negotiating,2024-12-19 15:00:00,3274.87
106,40,191,2,Lucknow,Uttar Pradesh,contacted,2024-09-12 02:00:00,935465.14
107,87,389,1,Ahmedabad,Gujarat,new,2024-11-26 04:00:00,4747.17
108,28,65,200,Noida,Uttar Pradesh,contacted,2024-10-12 20:00:00,5960744.35
109,113,376,10,Chennai,Tamil Nadu,new,2024-07-12 11:00:00,8485424.03
110,65,21,200,Raipur,Chhattisgarh,won,2024-10-13 09:00:00,101404018.53
111,126,98,5,Jodhpur,Rajasthan,negotiating,2024-06-14 23:00:00,4071105.13
112,154,284,5,Jaipur,Rajasthan,new,2024-03-20 14:00:00,3394185.23
113,68,278,50,Patna,Bihar,quoted,2025-02-01 20:00:00,293220.64
114,48,10,50,Ranchi,Jharkhand,won,2024-05-02 10:00:00,25667891.63
115,138,420,100,Jodhpur,Rajasthan,contacted,2024-12-15 15:00:00,1074298.95
116,40,314,20,Lucknow,Uttar Pradesh,contacted,2024-11-24 10:00:00,11403188.9
117,134,338,2,Warangal,Telangana,new,2025-04-25 04:00:00,21615.97
118,9,104,2,Bhopal,Madhya Pradesh,quoted,2024-02-20 01:00:00,17878.21
119,100,337,200,Coimbatore,Tamil Nadu,quoted,2024-12-25 18:00:00,77148464.72
120,94,114,2,Bhopal,Madhya Pradesh,new,2025-04-16 06:00:00,1514449.85
121,21,240,1,Pune,Maharashtra,quoted,2025-01-15 13:00:00,2413.65
122,15,316,20,Chandigarh,Chandigarh,quoted,2025-01-10 02:00:00,505162.05
123,20,111,500,Mysuru,Karnataka,new,2025-01-06 07:00:00,99689139.76
124,49,99,500,Amritsar,Punjab,negotiating,2024-10-18 20:00:00,5407967.0
125,143,384,500,Bhubaneswar,Odisha,quoted,2024-02-24 20:00:00,427603640.26
126,118,360,100,Nagpur,Maharashtra,lost,2024-03-26 05:00:00,41685142.39
127,130,173,5,Nagpur,Maharashtra,quoted,2024-11-03 14:00:00,2867213.83
128,81,282,50,Thiruvananthapuram,Kerala,lost,2024-07-30 20:00:00,1185789.5
129,83,312,10,Jodhpur,Rajasthan,negotiating,2024-04-19 12:00:00,8925186.88
130,66,185,200,Vijayawada,Andhra Pradesh,quoted,2024-07-22 00:00:00,98709046.11
131,73,306,1,Delhi,Delhi,quoted,2025-03-31 09:00:00,378487.38
132,57,110,50,Udaipur,Rajasthan,new,2025-02-24 22:00:00,275624.6
133,142,262,500,Nagpur,Maharashtra,negotiating,2024-10-19 04:00:00,265473890.46
134,118,183,5,Nagpur,Maharashtra,new,2024-07-06 18:00:00,547719.71
135,66,416,20,Vijayawada,Andhra Pradesh,new,2024-07-23 18:00:00,3365476.26
136,20,371,50,Mysuru,Karnataka,won,2024-03-29 15:00:00,489070.02
137,148,420,2,Kanpur,Uttar Pradesh,negotiating,2024-06-02 01:00:00,21277.36
138,148,196,2,Kanpur,Uttar Pradesh,won,2025-04-16 10:00:00,35923.82
139,112,214,2,Durgapur,West Bengal,lost,2024-04-26 23:00:00,1247172.08
140,155,6,100,Coimbatore,Tamil Nadu,new,2024-09-25 01:00:00,1368477.35
141,145,77,50,Thiruvananthapuram,Kerala,quoted,2024-04-23 04:00:00,10096032.89
142,101,229,500,Udaipur,Rajasthan,new,2024-08-09 09:00:00,8372967.13
143,38,68,50,Ludhiana,Punjab,new,2024-10-19 23:00:00,25877925.55
144,103,135,2,Raipur,Chhattisgarh,quoted,2024-08-10 22:00:00,363967.56
145,35,247,500,Bhubaneswar,Odisha,contacted,2024-07-21 20:00:00,166296614.22
146,144,316,500,Howrah,West Bengal,contacted,2024-02-06 08:00:00,12430429.86
147,83,351,2,Jodhpur,Rajasthan,new,2024-07-30 13:00:00,1485078.28
148,49,165,50,Amritsar,Punjab,negotiating,2024-01-13 09:00:00,31954048.38
149,90,316,200,Chennai,Tamil Nadu,negotiating,2024-08-13 01:00:00,5175241.8
150,60,103,50,Delhi,Delhi,new,2025-01-07 02:00:00,250109.36
151,14,125,5,Indore,Madhya Pradesh,lost,2025-02-23 09:00:00,35174.97
152,29,157,200,Bhubaneswar,Odisha,quoted,2024-06-18 06:00:00,146922769.22
153,55,105,500,Rajkot,Gujarat,quoted,2024-05-12 17:00:00,378767421.56
154,37,356,1,Jaipur,Rajasthan,quoted,2025-04-08 21:00:00,818359.43
155,66,88,1,Vijayawada,Andhra Pradesh,contacted,2025-02-08 22:00:00,402484.3
156,14,239,1,Indore,Madhya Pradesh,new,2024-12-04 08:00:00,16651.87
157,93,56,1,Mumbai,Maharashtra,contacted,2025-03-28 20:00:00,727306.63
158,98,261,2,Raipur,Chhattisgarh,lost,2024-09-05 19:00:00,155446.37
159,48,102,500,Ranchi,Jharkhand,expired,2024-10-14 22:00:00,3678891.8
160,64,272,20,Jaipur,Rajasthan,contacted,2024-07-20 23:00:00,254112.99
161,89,351,50,Bhopal,Madhya Pradesh,quoted,2024-06-03 07:00:00,44447959.49
162,129,142,1,Jodhpur,Rajasthan,negotiating,2025-03-25 12:00:00,15730.77
163,8,285,20,Kolkata,West Bengal,contacted,2024-06-23 12:00:00,260300.2
164,23,374,100,Coimbatore,Tamil Nadu,quoted,2024-12-13 19:00:00,71557606.49
165,59,214,10,Thiruvananthapuram,Kerala,negotiating,2024-08-06 09:00:00,6695496.5
166,85,230,500,Udaipur,Rajasthan,new,2024-11-30 04:00:00,256691575.66
167,52,71,20,Vadodara,Gujarat,won,2025-04-05 16:00:00,2319619.7
168,111,395,5,Lucknow,Uttar Pradesh,negotiating,2024-10-16 05:00:00,878116.01
169,143,273,2,Bhubaneswar,Odisha,contacted,2025-03-05 04:00:00,397949.43
170,82,212,100,Nagpur,Maharashtra,contacted,2025-01-16 20:00:00,1524593.92
171,71,78,10,Jaipur,Rajasthan,new,2024-04-04 00:00:00,8633915.98
172,157,316,20,Nagpur,Maharashtra,negotiating,2024-11-09 07:00:00,472369.29
173,60,352,1,Delhi,Delhi,quoted,2024-12-18 15:00:00,18595.97
174,155,241,50,Coimbatore,Tamil Nadu,contacted,2024-07-17 15:00:00,28088761.44
175,42,99,10,Mumbai,Maharashtra,new,2025-01-26 00:00:00,107528.03
176,106,114,10,Noida,Uttar Pradesh,won,2024-02-03 05:00:00,8161160.2
177,113,316,200,Chennai,Tamil Nadu,won,2025-03-19 14:00:00,5124796.67
178,110,208,1,Durgapur,West Bengal,negotiating,2025-02-26 12:00:00,491246.51
179,101,314,500,Udaipur,Rajasthan,quoted,2025-03-24 22:00:00,350588241.01
180,134,56,200,Warangal,Telangana,quoted,2025-03-25 01:00:00,167654506.03
181,63,266,500,Hyderabad,Telangana,quoted,2025-01-11 01:00:00,8223615.89
182,133,392,1,Bhubaneswar,Odisha,contacted,2024-08-13 12:00:00,799340.97
183,74,237,5,Amritsar,Punjab,quoted,2024-11-09 01:00:00,3446188.49
184,37,238,200,Jaipur,Rajasthan,new,2024-09-13 03:00:00,42657601.08
185,150,357,500,Ranchi,Jharkhand,new,2024-07-30 10:00:00,167644273.94
186,46,233,10,Jaipur,Rajasthan,lost,2024-02-16 08:00:00,13370.04
187,42,368,2,Mumbai,Maharashtra,new,2024-12-27 14:00:00,971154.35
188,22,269,100,Pune,Maharashtra,won,2025-05-14 16:00:00,53960066.89
189,41,194,500,Jodhpur,Rajasthan,quoted,2025-01-28 05:00:00,13463681.58
190,145,338,5,Thiruvananthapuram,Kerala,new,2024-03-15 05:00:00,64634.83
191,14,215,20,Indore,Madhya Pradesh,contacted,2025-01-28 14:00:00,7794978.58
192,47,61,5,Ranchi,Jharkhand,expired,2024-01-02 19:00:00,1406880.87
193,4,235,200,Vadodara,Gujarat,lost,2024-10-05 00:00:00,73882508.25
194,127,122,10,Patna,Bihar,negotiating,2024-08-31 14:00:00,3440264.32
195,21,308,1,Pune,Maharashtra,contacted,2024-10-07 08:00:00,22742.22
196,143,420,10,Bhubaneswar,Odisha,new,2024-03-16 01:00:00,104073.12
197,10,75,1,Raipur,Chhattisgarh,won,2025-03-05 19:00:00,21395.29
198,23,26,2,Coimbatore,Tamil Nadu,quoted,2024-04-01 05:00:00,1423715.51
199,157,339,500,Nagpur,Maharashtra,new,2024-08-21 23:00:00,9690939.47
200,10,48,20,Raipur,Chhattisgarh,contacted,2025-04-04 12:00:00,131071.81
201,110,282,2,Durgapur,West Bengal,contacted,2024-03-09 03:00:00,51268.51
202,71,169,500,Jaipur,Rajasthan,quoted,2024-04-17 22:00:00,299542421.42
203,15,56,500,Chandigarh,Chandigarh,expired,2024-09-04 23:00:00,397776253.41
204,74,219,50,Amritsar,Punjab,contacted,2024-10-21 19:00:00,13729980.46
205,34,315,200,Vijayawada,Andhra Pradesh,quoted,2024-11-19 15:00:00,3895995.47
206,47,313,10,Ranchi,Jharkhand,won,2024-04-09 00:00:00,4553856.7
207,120,321,2,Jaipur,Rajasthan,won,2024-04-16 19:00:00,926796.49
208,106,24,50,Noida,Uttar Pradesh,quoted,2025-02-16 20:00:00,718046.85
209,52,354,20,Vadodara,Gujarat,contacted,2024-02-04 09:00:00,12996295.82
210,141,166,1,Bhopal,Madhya Pradesh,new,2024-06-19 10:00:00,412471.74
211,146,316,1,Howrah,West Bengal,lost,2024-04-09 10:00:00,25253.76
212,123,243,1,Jodhpur,Rajasthan,negotiating,2024-09-03 04:00:00,22676.36
213,138,172,200,Jodhpur,Rajasthan,won,2024-07-30 23:00:00,63522704.02
214,134,154,50,Warangal,Telangana,negotiating,2024-01-10 06:00:00,17938135.7
215,85,410,50,Udaipur,Rajasthan,new,2024-03-17 08:00:00,39924434.7
216,87,193,500,Ahmedabad,Gujarat,lost,2024-10-19 19:00:00,8191626.21
217,153,60,20,Pune,Maharashtra,won,2024-06-10 22:00:00,78254.53
218,106,45,200,Noida,Uttar Pradesh,lost,2024-07-09 14:00:00,41969925.78
219,78,111,500,Bengaluru,Karnataka,contacted,2024-02-27 11:00:00,107192735.52
220,52,48,200,Vadodara,Gujarat,quoted,2025-02-13 15:00:00,1341100.76
221,40,98,50,Lucknow,Uttar Pradesh,lost,2025-01-10 16:00:00,38762431.63
222,84,74,2,Patna,Bihar,lost,2025-04-25 16:00:00,805684.73
223,34,106,1,Vijayawada,Andhra Pradesh,quoted,2024-12-31 16:00:00,260565.33
224,80,23,2,Amritsar,Punjab,contacted,2025-03-31 01:00:00,6525.55
225,80,12,20,Amritsar,Punjab,negotiating,2024-04-17 10:00:00,12020457.22
226,74,142,500,Amritsar,Punjab,contacted,2024-08-13 21:00:00,6233155.82
227,39,81,20,Durgapur,West Bengal,new,2025-05-05 19:00:00,15383622.26
228,27,106,500,Surat,Gujarat,quoted,2024-06-12 08:00:00,131418909.93
229,73,294,10,Delhi,Delhi,new,2024-06-08 19:00:00,5432656.84
230,139,228,1,Jodhpur,Rajasthan,new,2024-08-29 21:00:00,478048.37
231,99,28,2,Hubballi,Karnataka,quoted,2024-04-01 22:00:00,672658.24
232,152,323,200,Bhubaneswar,Odisha,negotiating,2024-06-08 10:00:00,86911812.29
233,137,41,200,Hubballi,Karnataka,negotiating,2024-02-17 22:00:00,162703235.27
234,117,159,200,Hubballi,Karnataka,quoted,2025-04-30 07:00:00,69704033.22
235,158,133,50,Amritsar,Punjab,quoted,2024-12-24 21:00:00,17112016.61
236,84,233,200,Patna,Bihar,new,2024-08-31 03:00:00,269718.52
237,119,88,20,Kolkata,West Bengal,won,2024-11-05 18:00:00,6905496.1
238,27,208,2,Surat,Gujarat,contacted,2024-11-28 02:00:00,1002463.42
239,137,237,100,Hubballi,Karnataka,negotiating,2024-05-02 19:00:00,60193837.08
240,41,247,100,Jodhpur,Rajasthan,new,2024-04-16 22:00:00,33451176.43
241,112,291,50,Durgapur,West Bengal,negotiating,2024-04-30 05:00:00,24387223.16
242,20,379,200,Mysuru,Karnataka,new,2024-11-01 14:00:00,112776827.29
243,25,228,5,Warangal,Telangana,contacted,2024-07-26 02:00:00,2844290.97
244,153,395,100,Pune,Maharashtra,contacted,2024-11-26 21:00:00,16135331.08
245,56,419,5,Mumbai,Maharashtra,lost,2025-04-07 20:00:00,20538.7
246,38,339,5,Ludhiana,Punjab,quoted,2024-05-29 12:00:00,97949.0
247,115,101,10,Hyderabad,Telangana,won,2024-06-11 09:00:00,132650.41
248,78,223,50,Bengaluru,Karnataka,expired,2024-10-25 00:00:00,2281924.85
249,131,207,5,Guwahati,Assam,lost,2024-02-01 11:00:00,2617828.94
250,14,1,500,Indore,Madhya Pradesh,lost,2024-07-02 03:00:00,1399045.53
251,8,121,100,Kolkata,West Bengal,won,2024-07-20 20:00:00,17620740.46
252,98,208,100,Raipur,Chhattisgarh,quoted,2024-04-18 21:00:00,41565723.74
253,36,97,500,Chandigarh,Chandigarh,quoted,2025-04-18 11:00:00,315600976.49
254,40,148,5,Lucknow,Uttar Pradesh,new,2024-02-06 20:00:00,950603.16
255,125,337,100,Noida,Uttar Pradesh,expired,2024-03-10 02:00:00,37091855.27
256,107,234,100,Hyderabad,Telangana,negotiating,2024-08-20 16:00:00,5912242.33
257,116,197,50,Jodhpur,Rajasthan,contacted,2024-08-05 19:00:00,7143109.46
258,128,375,10,Rajkot,Gujarat,won,2024-05-17 13:00:00,9167777.64
259,148,188,1,Kanpur,Uttar Pradesh,expired,2024-10-17 15:00:00,15287.34
260,29,298,200,Bhubaneswar,Odisha,expired,2024-02-10 04:00:00,8139295.75
261,135,385,20,Coimbatore,Tamil Nadu,quoted,2024-02-10 16:00:00,616694.66
262,23,126,200,Coimbatore,Tamil Nadu,negotiating,2024-12-05 21:00:00,13527033.85
263,139,409,20,Jodhpur,Rajasthan,negotiating,2025-04-07 10:00:00,3795205.88
264,3,241,200,Durgapur,West Bengal,quoted,2024-08-28 18:00:00,121186942.54
265,108,181,20,Ranchi,Jharkhand,contacted,2024-01-19 22:00:00,222075.36
266,78,373,20,Bengaluru,Karnataka,new,2024-08-30 18:00:00,14243942.87
267,14,337,20,Indore,Madhya Pradesh,lost,2024-11-15 00:00:00,7791955.99
268,22,65,500,Pune,Maharashtra,new,2025-02-05 08:00:00,12807123.27
269,158,144,20,Amritsar,Punjab,lost,2024-01-08 23:00:00,776537.31
270,45,303,5,Kochi,Kerala,negotiating,2024-07-08 05:00:00,498487.52
271,61,249,5,Bengaluru,Karnataka,won,2025-03-17 01:00:00,14431.22
272,22,75,5,Pune,Maharashtra,lost,2025-01-20 13:00:00,123096.68
273,61,339,200,Bengaluru,Karnataka,won,2024-03-26 06:00:00,3875002.48
274,89,28,20,Bhopal,Madhya Pradesh,won,2024-02-29 01:00:00,5886075.17
275,103,244,20,Raipur,Chhattisgarh,quoted,2025-04-30 17:00:00,4115006.83
276,100,243,20,Coimbatore,Tamil Nadu,new,2025-03-21 13:00:00,372882.84
277,115,196,50,Hyderabad,Telangana,expired,2024-12-15 01:00:00,827358.81
278,137,327,50,Hubballi,Karnataka,expired,2024-08-09 19:00:00,31350741.04
279,70,172,20,Vadodara,Gujarat,contacted,2024-02-20 08:00:00,7667683.68
280,101,237,10,Udaipur,Rajasthan,won,2024-10-28 06:00:00,6559815.74
281,47,161,500,Ranchi,Jharkhand,new,2024-01-05 02:00:00,901824.71
282,26,269,2,Pune,Maharashtra,won,2024-06-28 07:00:00,1114652.02
283,65,99,1,Raipur,Chhattisgarh,new,2024-02-17 01:00:00,10790.19
284,56,307,2,Mumbai,Maharashtra,won,2024-03-02 02:00:00,1096611.48
285,34,193,5,Vijayawada,Andhra Pradesh,lost,2024-12-22 05:00:00,78453.7
286,120,339,2,Jaipur,Rajasthan,negotiating,2025-04-17 08:00:00,40926.62
287,83,132,5,Jodhpur,Rajasthan,won,2024-05-21 01:00:00,522826.95
288,86,31,20,Vijayawada,Andhra Pradesh,expired,2024-05-15 05:00:00,139629.37
289,126,103,100,Jodhpur,Rajasthan,new,2024-09-08 03:00:00,505567.97
290,111,112,2,Lucknow,Uttar Pradesh,lost,2025-01-01 08:00:00,1180166.1
291,19,37,20,Pune,Maharashtra,won,2024-01-10 15:00:00,46047.24
292,1,20,100,Udaipur,Rajasthan,contacted,2024-12-24 10:00:00,16396493.86
293,148,2,500,Kanpur,Uttar Pradesh,won,2025-01-29 15:00:00,10279197.23
294,104,373,2,Mysuru,Karnataka,negotiating,2024-01-02 12:00:00,1796847.4
295,124,63,500,Mumbai,Maharashtra,lost,2024-07-02 10:00:00,162880610.47
296,103,29,2,Raipur,Chhattisgarh,quoted,2025-03-12 10:00:00,41862.72
297,118,390,20,Nagpur,Maharashtra,negotiating,2024-03-31 17:00:00,6279369.49
298,99,339,10,Hubballi,Karnataka,contacted,2024-07-18 03:00:00,196752.56
299,92,250,2,Lucknow,Uttar Pradesh,lost,2024-08-12 23:00:00,39279.75
300,10,99,1,Raipur,Chhattisgarh,won,2024-10-30 07:00:00,9504.95
301,17,406,500,Lucknow,Uttar Pradesh,negotiating,2024-09-12 17:00:00,385878644.95
302,116,9,1,Jodhpur,Rajasthan,contacted,2024-06-21 23:00:00,515410.2
303,31,109,500,Bhopal,Madhya Pradesh,quoted,2024-12-13 17:00:00,38291710.18
304,149,120,2,Patna,Bihar,new,2024-03-13 15:00:00,1641725.8
305,121,317,1,Ahmedabad,Gujarat,contacted,2024-11-28 04:00:00,494684.56
306,13,158,2,Amritsar,Punjab,quoted,2024-03-28 18:00:00,915898.71
307,28,59,200,Noida,Uttar Pradesh,negotiating,2024-11-11 07:00:00,54280472.24
308,52,219,50,Vadodara,Gujarat,lost,2025-01-12 21:00:00,13937427.0
309,31,351,500,Bhopal,Madhya Pradesh,new,2025-03-04 06:00:00,417577877.44
310,152,89,50,Bhubaneswar,Odisha,new,2024-05-20 04:00:00,1188458.71
311,44,357,50,Ranchi,Jharkhand,negotiating,2024-08-12 07:00:00,19188010.17
312,11,69,2,Udaipur,Rajasthan,won,2024-11-19 19:00:00,21814.97
313,41,9,200,Jodhpur,Rajasthan,new,2024-01-04 05:00:00,134740591.89
314,152,146,100,Bhubaneswar,Odisha,won,2025-02-09 15:00:00,86496316.46
315,53,74,20,Guwahati,Assam,quoted,2024-07-29 07:00:00,8656792.15
316,157,355,1,Nagpur,Maharashtra,negotiating,2025-01-02 15:00:00,83603.38
317,23,322,20,Coimbatore,Tamil Nadu,quoted,2024-01-03 17:00:00,141256.57
318,31,272,2,Bhopal,Madhya Pradesh,negotiating,2025-03-17 17:00:00,28390.08
319,119,395,10,Kolkata,West Bengal,contacted,2024-04-09 03:00:00,2023285.57
320,122,255,5,Jaipur,Rajasthan,new,2025-04-17 01:00:00,343056.12
321,94,146,10,Bhopal,Madhya Pradesh,quoted,2024-06-20 19:00:00,8926354.14
322,117,23,2,Hubballi,Karnataka,won,2025-04-18 17:00:00,6687.3
323,8,249,500,Kolkata,West Bengal,new,2025-04-03 07:00:00,1615121.15
324,152,297,50,Bhubaneswar,Odisha,quoted,2025-01-17 21:00:00,4343855.9
325,59,399,2,Thiruvananthapuram,Kerala,contacted,2024-02-20 07:00:00,33622.4
326,52,193,10,Vadodara,Gujarat,new,2024-10-26 15:00:00,146791.64
327,112,75,10,Durgapur,West Bengal,lost,2024-08-20 05:00:00,220025.47
328,35,235,10,Bhubaneswar,Odisha,negotiating,2025-05-14 08:00:00,3258543.23
329,33,17,1,Hyderabad,Telangana,contacted,2024-02-26 14:00:00,147606.94
330,44,390,50,Ranchi,Jharkhand,contacted,2024-05-31 19:00:00,16340297.78
331,157,88,500,Nagpur,Maharashtra,lost,2024-02-14 13:00:00,215178555.67
332,126,111,200,Jodhpur,Rajasthan,lost,2024-05-22 00:00:00,42226210.69
333,64,127,50,Jaipur,Rajasthan,quoted,2024-04-23 18:00:00,27178429.21
334,147,3,100,Kolkata,West Bengal,expired,2024-01-21 15:00:00,1004642.94
335,130,18,100,Nagpur,Maharashtra,quoted,2024-09-02 22:00:00,2362826.67
336,116,254,10,Jodhpur,Rajasthan,new,2025-01-20 00:00:00,936189.46
337,105,112,5,Visakhapatnam,Andhra Pradesh,quoted,2024-05-02 20:00:00,3850287.19
338,5,246,20,Kanpur,Uttar Pradesh,new,2024-08-23 18:00:00,4173416.74
339,7,233,200,Patna,Bihar,won,2025-03-23 22:00:00,274284.97
340,95,321,200,Howrah,West Bengal,won,2024-01-01 20:00:00,70230209.57
341,86,272,1,Vijayawada,Andhra Pradesh,contacted,2025-01-20 08:00:00,15004.52
342,157,278,10,Nagpur,Maharashtra,won,2024-02-11 19:00:00,65227.88
343,15,264,50,Chandigarh,Chandigarh,lost,2024-02-26 12:00:00,952745.99
344,159,21,50,Raipur,Chhattisgarh,quoted,2024-11-27 17:00:00,26568516.25
345,144,364,10,Howrah,West Bengal,new,2024-06-20 07:00:00,118985.73
346,123,378,10,Jodhpur,Rajasthan,won,2025-01-24 07:00:00,2201338.99
347,69,258,100,Chennai,Tamil Nadu,contacted,2024-02-02 11:00:00,56800388.26
348,125,257,500,Noida,Uttar Pradesh,lost,2024-08-28 22:00:00,284258930.67
349,137,150,200,Hubballi,Karnataka,negotiating,2025-02-13 21:00:00,3287381.68
350,17,97,200,Lucknow,Uttar Pradesh,new,2024-07-19 05:00:00,107283863.12
351,20,56,5,Mysuru,Karnataka,contacted,2024-12-22 04:00:00,3760548.44
352,53,267,1,Guwahati,Assam,contacted,2025-05-11 21:00:00,144692.14
353,34,243,50,Vijayawada,Andhra Pradesh,quoted,2025-01-12 20:00:00,935358.79
354,49,33,1,Amritsar,Punjab,lost,2024-04-28 16:00:00,774524.03
355,106,297,50,Noida,Uttar Pradesh,negotiating,2025-02-06 10:00:00,3864010.17
356,136,281,200,Indore,Madhya Pradesh,quoted,2024-10-17 04:00:00,57453094.84
357,79,88,20,Patna,Bihar,contacted,2024-07-09 09:00:00,8403703.98
358,13,76,50,Amritsar,Punjab,contacted,2025-05-04 05:00:00,918973.46
359,42,365,500,Mumbai,Maharashtra,contacted,2025-05-13 05:00:00,454287233.6
360,40,83,10,Lucknow,Uttar Pradesh,new,2024-06-11 18:00:00,2568484.71
361,67,190,5,Noida,Uttar Pradesh,contacted,2024-12-28 01:00:00,3708708.14
362,89,76,50,Bhopal,Madhya Pradesh,quoted,2025-05-14 05:00:00,896348.35
363,32,13,100,Chandigarh,Chandigarh,lost,2025-01-28 04:00:00,26248165.94
364,82,80,1,Nagpur,Maharashtra,expired,2024-10-06 16:00:00,213675.83
365,76,243,20,Coimbatore,Tamil Nadu,expired,2025-01-21 18:00:00,458728.4
366,145,374,200,Thiruvananthapuram,Kerala,contacted,2024-02-27 23:00:00,127910996.45
367,11,72,500,Udaipur,Rajasthan,new,2024-01-13 12:00:00,6062348.76
368,57,229,50,Udaipur,Rajasthan,new,2024-01-29 19:00:00,803742.95
369,150,270,10,Ranchi,Jharkhand,won,2025-01-27 08:00:00,678811.34
370,22,276,200,Pune,Maharashtra,won,2025-05-05 02:00:00,156627342.4
371,101,100,200,Udaipur,Rajasthan,contacted,2024-11-05 16:00:00,867488.2
372,93,204,5,Mumbai,Maharashtra,won,2024-08-06 11:00:00,3956345.66
373,4,146,50,Vadodara,Gujarat,quoted,2025-05-15 14:00:00,45479980.5
374,23,111,200,Coimbatore,Tamil Nadu,won,2024-07-31 14:00:00,36995751.44
375,109,374,100,Surat,Gujarat,new,2024-10-27 19:00:00,56369164.5
376,54,156,200,Delhi,Delhi,expired,2024-09-25 10:00:00,1778211.85
377,152,388,100,Bhubaneswar,Odisha,new,2024-07-28 20:00:00,2562511.22
378,107,90,500,Hyderabad,Telangana,quoted,2024-10-17 04:00:00,8279578.14
379,98,149,500,Raipur,Chhattisgarh,quoted,2025-02-25 09:00:00,146397694.84
380,78,253,500,Bengaluru,Karnataka,won,2024-04-24 00:00:00,160146254.98
381,40,135,20,Lucknow,Uttar Pradesh,expired,2025-03-03 20:00:00,4059883.32
382,74,214,5,Amritsar,Punjab,quoted,2024-12-18 20:00:00,2752994.86
383,31,392,20,Bhopal,Madhya Pradesh,quoted,2025-05-11 02:00:00,14759098.22
384,93,298,200,Mumbai,Maharashtra,negotiating,2025-03-20 08:00:00,7905888.83
385,122,356,2,Jaipur,Rajasthan,quoted,2025-01-10 18:00:00,1388661.48
386,67,84,1,Noida,Uttar Pradesh,new,2024-08-24 22:00:00,2950.38
387,42,28,20,Mumbai,Maharashtra,quoted,2024-11-21 11:00:00,5652891.43
388,75,272,2,Guwahati,Assam,quoted,2025-01-27 20:00:00,25634.3
389,25,307,5,Warangal,Telangana,negotiating,2025-03-22 10:00:00,2719521.69
390,78,139,50,Bengaluru,Karnataka,new,2024-10-23 11:00:00,29188294.51
391,4,71,500,Vadodara,Gujarat,contacted,2025-02-02 15:00:00,50281428.44
392,42,53,10,Mumbai,Maharashtra,new,2024-04-23 06:00:00,3305068.74
393,144,315,500,Howrah,West Bengal,lost,2024-12-30 17:00:00,10354289.31
394,30,214,200,Visakhapatnam,Andhra Pradesh,lost,2024-02-29 04:00:00,134399136.12
395,123,179,20,Jodhpur,Rajasthan,won,2024-03-12 14:00:00,2587572.22
396,153,268,50,Pune,Maharashtra,new,2024-06-04 00:00:00,7889582.72
397,31,114,5,Bhopal,Madhya Pradesh,lost,2024-03-13 22:00:00,3320412.03
398,33,108,5,Hyderabad,Telangana,expired,2024-08-05 22:00:00,1112369.19
399,29,40,1,Bhubaneswar,Odisha,won,2025-01-22 13:00:00,4219.48
400,28,17,500,Noida,Uttar Pradesh,negotiating,2024-08-28 03:00:00,83891192.55
401,12,34,20,Indore,Madhya Pradesh,won,2025-01-21 03:00:00,384755.97
402,155,106,10,Coimbatore,Tamil Nadu,contacted,2024-06-28 00:00:00,2583515.19
403,72,297,50,Warangal,Telangana,quoted,2025-03-13 16:00:00,4206998.97
404,157,124,500,Nagpur,Maharashtra,negotiating,2024-02-20 18:00:00,420621742.47
405,136,112,10,Indore,Madhya Pradesh,expired,2024-03-28 17:00:00,5701984.42
406,26,110,500,Pune,Maharashtra,lost,2024-08-31 11:00:00,2662600.18
407,48,226,2,Ranchi,Jharkhand,contacted,2024-06-30 12:00:00,35732.42
408,132,117,100,Bhopal,Madhya Pradesh,new,2024-06-09 03:00:00,352187.07
409,134,70,200,Warangal,Telangana,won,2024-12-26 09:00:00,95115795.13
410,11,43,50,Udaipur,Rajasthan,quoted,2024-07-16 09:00:00,11449267.59
411,80,352,200,Amritsar,Punjab,contacted,2024-07-27 09:00:00,4785631.85
412,110,97,2,Durgapur,West Bengal,lost,2025-02-14 15:00:00,1296468.3
413,95,92,1,Howrah,West Bengal,expired,2024-09-08 21:00:00,209695.22
414,113,268,2,Chennai,Tamil Nadu,new,2024-07-21 12:00:00,311223.89
415,27,380,5,Surat,Gujarat,new,2025-05-14 06:00:00,848695.69
416,153,207,2,Pune,Maharashtra,contacted,2024-08-05 23:00:00,934420.07
417,149,304,20,Patna,Bihar,won,2025-02-14 20:00:00,16065859.62
418,92,244,100,Lucknow,Uttar Pradesh,expired,2024-09-18 08:00:00,19996173.58
419,117,56,2,Hubballi,Karnataka,contacted,2024-09-11 07:00:00,1563871.25
420,35,16,2,Bhubaneswar,Odisha,won,2025-03-01 02:00:00,1303834.06
421,7,92,100,Patna,Bihar,negotiating,2024-06-16 04:00:00,22379481.24
422,160,50,2,Lucknow,Uttar Pradesh,won,2024-09-23 15:00:00,7902.44
423,52,151,200,Vadodara,Gujarat,quoted,2024-05-13 17:00:00,92332104.17
424,139,280,1,Jodhpur,Rajasthan,expired,2024-01-17 13:00:00,733310.16
425,31,197,200,Bhopal,Madhya Pradesh,contacted,2024-07-11 14:00:00,33120935.88
426,9,91,500,Bhopal,Madhya Pradesh,negotiating,2025-02-03 09:00:00,92343578.22
427,43,252,100,Jaipur,Rajasthan,new,2025-01-01 12:00:00,62029067.34
428,29,292,200,Bhubaneswar,Odisha,won,2024-12-16 17:00:00,3342513.77
429,122,288,5,Jaipur,Rajasthan,quoted,2024-07-19 08:00:00,4112146.25
430,97,316,50,Ludhiana,Punjab,won,2024-05-25 10:00:00,996732.1
431,152,24,5,Bhubaneswar,Odisha,lost,2024-06-27 23:00:00,80566.2
432,88,195,2,Thiruvananthapuram,Kerala,quoted,2024-07-01 13:00:00,642657.29
433,63,127,10,Hyderabad,Telangana,negotiating,2024-10-30 02:00:00,5384108.28
434,17,157,2,Lucknow,Uttar Pradesh,contacted,2024-01-11 17:00:00,1299048.92
435,118,337,100,Nagpur,Maharashtra,negotiating,2025-04-06 13:00:00,38707592.75
436,121,302,1,Ahmedabad,Gujarat,expired,2024-07-12 18:00:00,658020.5
437,147,51,200,Kolkata,West Bengal,new,2024-12-11 06:00:00,3179815.27
438,129,416,50,Jodhpur,Rajasthan,new,2024-06-02 11:00:00,8529304.3
439,52,255,2,Vadodara,Gujarat,lost,2024-10-01 06:00:00,148311.41
440,13,153,100,Amritsar,Punjab,lost,2024-11-15 23:00:00,47217929.94
441,149,49,50,Patna,Bihar,contacted,2024-10-17 16:00:00,139750.37
442,54,178,2,Delhi,Delhi,negotiating,2024-06-03 16:00:00,616516.3
443,111,340,500,Lucknow,Uttar Pradesh,contacted,2024-07-31 12:00:00,89040893.25
444,132,233,500,Bhopal,Madhya Pradesh,contacted,2024-01-10 20:00:00,748800.39
445,48,296,200,Ranchi,Jharkhand,contacted,2025-05-07 23:00:00,187931233.37
446,69,327,500,Chennai,Tamil Nadu,lost,2025-03-12 13:00:00,314894186.11
447,16,268,10,Bengaluru,Karnataka,quoted,2024-03-16 07:00:00,1315949.83
448,77,223,100,Hyderabad,Telangana,contacted,2025-03-01 02:00:00,4593574.84
449,106,137,20,Noida,Uttar Pradesh,negotiating,2024-05-11 21:00:00,121425.56
450,104,123,2,Mysuru,Karnataka,new,2024-01-15 07:00:00,1616644.75
451,80,238,200,Amritsar,Punjab,negotiating,2024-08-11 13:00:00,49271220.02
452,10,104,5,Raipur,Chhattisgarh,contacted,2024-01-15 08:00:00,47566.26
453,72,338,500,Warangal,Telangana,new,2025-03-12 01:00:00,6812682.99
454,125,401,1,Noida,Uttar Pradesh,new,2025-04-04 02:00:00,1772.72
455,77,33,100,Hyderabad,Telangana,lost,2024-12-09 21:00:00,82820334.01
456,102,371,5,Ranchi,Jharkhand,contacted,2024-10-19 23:00:00,44556.92
457,31,268,500,Bhopal,Madhya Pradesh,contacted,2025-03-28 02:00:00,67729298.52
458,32,396,50,Chandigarh,Chandigarh,contacted,2024-10-26 23:00:00,18319549.61
459,61,217,10,Bengaluru,Karnataka,new,2024-03-30 06:00:00,8427156.72
460,113,210,20,Chennai,Tamil Nadu,lost,2024-01-29 15:00:00,13318815.84
461,29,163,500,Bhubaneswar,Odisha,quoted,2024-12-15 07:00:00,272817032.81
462,38,186,200,Ludhiana,Punjab,won,2025-02-24 09:00:00,1525532.97
463,156,18,1,Howrah,West Bengal,won,2025-02-07 21:00:00,19867.94
464,142,197,20,Nagpur,Maharashtra,negotiating,2024-12-24 11:00:00,3758167.38
465,32,274,10,Chandigarh,Chandigarh,lost,2024-07-17 00:00:00,9541199.69
466,101,131,20,Udaipur,Rajasthan,new,2025-02-25 07:00:00,10901951.74
467,42,225,50,Mumbai,Maharashtra,lost,2025-01-27 20:00:00,845791.64
468,9,141,2,Bhopal,Madhya Pradesh,lost,2025-04-26 15:00:00,1271457.71
469,106,171,100,Noida,Uttar Pradesh,lost,2025-02-23 03:00:00,87952934.68
470,67,260,2,Noida,Uttar Pradesh,quoted,2024-11-04 23:00:00,756246.46
471,84,233,1,Patna,Bihar,won,2024-11-24 20:00:00,1277.58
472,114,406,5,Mumbai,Maharashtra,new,2024-04-12 20:00:00,3188877.09
473,148,43,2,Kanpur,Uttar Pradesh,new,2024-09-21 22:00:00,529335.53
474,34,305,100,Vijayawada,Andhra Pradesh,won,2024-06-12 14:00:00,813372.44
475,35,134,5,Bhubaneswar,Odisha,won,2025-02-27 10:00:00,119265.62
476,51,44,100,Coimbatore,Tamil Nadu,quoted,2024-07-20 12:00:00,39981658.46
477,147,115,1,Kolkata,West Bengal,lost,2025-04-17 17:00:00,18772.47
478,59,46,200,Thiruvananthapuram,Kerala,contacted,2024-12-25 05:00:00,3589920.91
479,159,220,20,Raipur,Chhattisgarh,new,2025-05-05 11:00:00,706315.59
480,146,61,1,Howrah,West Bengal,won,2024-08-10 14:00:00,286212.99
481,127,61,10,Patna,Bihar,won,2024-04-07 08:00:00,2440467.45
482,127,196,5,Patna,Bihar,quoted,2024-04-15 19:00:00,86072.82
483,73,373,10,Delhi,Delhi,quoted,2024-07-28 04:00:00,6789153.68
484,68,121,200,Patna,Bihar,lost,2024-07-08 18:00:00,39335870.61
485,118,44,1,Nagpur,Maharashtra,quoted,2025-03-22 10:00:00,402953.45
486,102,352,10,Ranchi,Jharkhand,won,2024-12-28 13:00:00,223686.36
487,66,38,2,Vijayawada,Andhra Pradesh,negotiating,2024-01-27 10:00:00,46961.75
488,121,182,1,Ahmedabad,Gujarat,new,2024-09-15 19:00:00,17544.11
489,102,344,50,Ranchi,Jharkhand,new,2025-04-01 17:00:00,7745085.09
490,46,134,5,Jaipur,Rajasthan,quoted,2025-04-21 10:00:00,121838.42
491,34,46,50,Vijayawada,Andhra Pradesh,won,2024-08-09 04:00:00,963044.71
492,81,23,5,Thiruvananthapuram,Kerala,quoted,2025-05-13 08:00:00,19895.72
493,111,145,20,Lucknow,Uttar Pradesh,negotiating,2025-01-24 08:00:00,281291.43
494,112,85,50,Durgapur,West Bengal,won,2024-09-08 04:00:00,572780.65
495,113,28,10,Chennai,Tamil Nadu,new,2024-04-27 05:00:00,2813841.02
496,67,84,200,Noida,Uttar Pradesh,quoted,2025-04-03 15:00:00,571253.05
497,92,364,500,Lucknow,Uttar Pradesh,quoted,2024-09-09 03:00:00,6489374.53
498,38,64,50,Ludhiana,Punjab,new,2025-03-20 09:00:00,1343812.3
499,44,384,500,Ranchi,Jharkhand,lost,2024-10-15 21:00:00,428746510.45
500,150,3,500,Ranchi,Jharkhand,won,2024-04-02 13:00:00,5286481.94
501,64,394,200,Jaipur,Rajasthan,won,2025-03-30 10:00:00,13431242.68
502,32,202,50,Chandigarh,Chandigarh,negotiating,2025-05-02 03:00:00,25971619.31
503,40,15,2,Lucknow,Uttar Pradesh,quoted,2024-12-28 21:00:00,77027.56
504,69,305,1,Chennai,Tamil Nadu,contacted,2024-01-23 20:00:00,8487.4
505,116,167,5,Jodhpur,Rajasthan,contacted,2024-01-25 20:00:00,1353728.08
506,15,381,2,Chandigarh,Chandigarh,negotiating,2024-11-04 12:00:00,752040.94
507,66,92,10,Vijayawada,Andhra Pradesh,expired,2025-03-19 12:00:00,2085546.1
508,54,84,100,Delhi,Delhi,won,2024-05-25 20:00:00,356360.92
509,40,62,20,Lucknow,Uttar Pradesh,quoted,2024-08-09 23:00:00,497791.19
510,80,351,5,Amritsar,Punjab,quoted,2024-02-19 11:00:00,3883769.81
511,126,229,100,Jodhpur,Rajasthan,quoted,2024-10-15 19:00:00,1506519.91
512,109,416,50,Surat,Gujarat,negotiating,2024-08-10 20:00:00,7310475.47
513,11,263,50,Udaipur,Rajasthan,expired,2024-12-12 07:00:00,229115.73
514,40,254,500,Lucknow,Uttar Pradesh,negotiating,2024-09-25 02:00:00,41467398.0
515,112,41,200,Durgapur,West Bengal,contacted,2024-03-06 21:00:00,184121680.03
516,64,268,100,Jaipur,Rajasthan,contacted,2024-01-25 17:00:00,12833399.7
517,12,263,2,Indore,Madhya Pradesh,quoted,2024-07-30 03:00:00,8682.95
518,146,417,20,Howrah,West Bengal,quoted,2024-10-26 02:00:00,13363759.34
519,5,59,200,Kanpur,Uttar Pradesh,new,2024-04-03 12:00:00,53945930.18
520,107,361,20,Hyderabad,Telangana,contacted,2025-01-05 14:00:00,11995322.95
521,116,320,20,Jodhpur,Rajasthan,quoted,2025-04-15 05:00:00,10052476.82
522,21,383,20,Pune,Maharashtra,lost,2024-02-24 13:00:00,437011.41
523,2,203,2,Hubballi,Karnataka,new,2024-12-01 15:00:00,1040525.31
524,104,337,200,Mysuru,Karnataka,contacted,2025-02-20 19:00:00,79765394.36
525,102,412,20,Ranchi,Jharkhand,new,2024-03-10 00:00:00,1545453.38
526,5,357,10,Kanpur,Uttar Pradesh,lost,2024-04-17 15:00:00,3554757.13
527,62,224,500,Thiruvananthapuram,Kerala,contacted,2024-06-03 14:00:00,81182933.11
528,109,12,2,Surat,Gujarat,new,2024-03-19 23:00:00,1400958.14
529,125,242,1,Noida,Uttar Pradesh,lost,2024-10-26 07:00:00,384213.6
530,146,201,1,Howrah,West Bengal,contacted,2024-02-22 20:00:00,15892.27
531,111,213,200,Lucknow,Uttar Pradesh,won,2024-11-01 23:00:00,170262793.27
532,75,19,200,Guwahati,Assam,quoted,2024-09-19 18:00:00,104488148.99
533,125,119,1,Noida,Uttar Pradesh,quoted,2024-08-04 18:00:00,1511.61
534,17,138,100,Lucknow,Uttar Pradesh,lost,2024-02-29 15:00:00,1353575.93
535,89,230,100,Bhopal,Madhya Pradesh,new,2024-05-27 23:00:00,45491883.34
536,89,225,10,Bhopal,Madhya Pradesh,quoted,2024-10-27 21:00:00,165652.8
537,155,367,200,Coimbatore,Tamil Nadu,new,2024-05-30 23:00:00,21488017.02
538,107,345,50,Hyderabad,Telangana,won,2025-02-13 05:00:00,830590.21
539,73,354,2,Delhi,Delhi,won,2024-03-07 05:00:00,1257824.11
540,156,252,2,Howrah,West Bengal,won,2025-04-27 15:00:00,1171916.14
541,54,286,1,Delhi,Delhi,expired,2024-07-02 08:00:00,16048.02
542,41,90,500,Jodhpur,Rajasthan,new,2024-02-02 10:00:00,8911245.02
543,159,117,2,Raipur,Chhattisgarh,negotiating,2024-09-06 08:00:00,8170.49
544,91,394,1,Bhopal,Madhya Pradesh,won,2024-10-12 08:00:00,87598.24
545,132,310,2,Bhopal,Madhya Pradesh,won,2025-04-19 14:00:00,72158.24
546,29,55,2,Bhubaneswar,Odisha,lost,2024-01-22 16:00:00,1216289.83
547,31,106,50,Bhopal,Madhya Pradesh,new,2024-05-29 22:00:00,14467000.7
548,130,256,2,Nagpur,Maharashtra,new,2024-07-05 10:00:00,1081981.08
549,32,104,200,Chandigarh,Chandigarh,expired,2025-01-28 00:00:00,1616778.59
550,122,175,20,Jaipur,Rajasthan,quoted,2024-02-13 08:00:00,145475.84
551,107,185,10,Hyderabad,Telangana,new,2025-01-20 16:00:00,4513136.59
552,59,71,100,Thiruvananthapuram,Kerala,quoted,2024-07-28 14:00:00,11729104.66
553,133,407,50,Bhubaneswar,Odisha,lost,2024-08-14 04:00:00,6502304.17
554,133,36,2,Bhubaneswar,Odisha,contacted,2024-07-24 05:00:00,10574.85
555,101,389,1,Udaipur,Rajasthan,won,2024-11-24 04:00:00,5017.37
556,15,324,500,Chandigarh,Chandigarh,expired,2024-08-02 12:00:00,266272538.74
557,142,156,50,Nagpur,Maharashtra,lost,2024-01-05 08:00:00,572438.77
558,157,76,100,Nagpur,Maharashtra,quoted,2024-04-15 17:00:00,1840997.47
559,159,334,200,Raipur,Chhattisgarh,won,2025-03-30 20:00:00,8954807.89
560,51,155,2,Coimbatore,Tamil Nadu,new,2024-06-20 12:00:00,3326.91
561,33,267,500,Hyderabad,Telangana,contacted,2024-02-17 16:00:00,72567966.14
562,134,175,5,Warangal,Telangana,new,2025-03-31 17:00:00,38865.59
563,62,397,20,Thiruvananthapuram,Kerala,won,2024-09-15 03:00:00,7018402.6
564,96,133,500,Ludhiana,Punjab,quoted,2024-01-25 20:00:00,204169532.54
565,115,153,1,Hyderabad,Telangana,quoted,2024-04-30 23:00:00,476047.5
566,145,366,500,Thiruvananthapuram,Kerala,lost,2024-04-29 11:00:00,947663.87
567,147,345,5,Kolkata,West Bengal,won,2024-09-23 23:00:00,74063.4
568,84,265,10,Patna,Bihar,lost,2024-07-03 14:00:00,2783271.42
569,109,211,2,Surat,Gujarat,new,2024-08-05 04:00:00,8322.76
570,115,40,50,Hyderabad,Telangana,won,2024-07-25 18:00:00,248860.96
571,102,136,200,Ranchi,Jharkhand,negotiating,2024-08-13 22:00:00,260579.41
572,126,375,100,Jodhpur,Rajasthan,lost,2024-03-14 16:00:00,72184979.23
573,118,67,500,Nagpur,Maharashtra,lost,2024-03-01 22:00:00,285726219.34
574,122,17,5,Jaipur,Rajasthan,lost,2024-07-08 03:00:00,770099.55
575,105,57,2,Visakhapatnam,Andhra Pradesh,quoted,2024-05-28 01:00:00,32601.6
576,31,191,20,Bhopal,Madhya Pradesh,expired,2024-06-04 09:00:00,8822977.25
577,37,73,100,Jaipur,Rajasthan,new,2025-04-02 09:00:00,49907480.28
578,56,94,200,Mumbai,Maharashtra,new,2024-10-07 11:00:00,177691.6
579,12,214,200,Indore,Madhya Pradesh,negotiating,2024-10-16 14:00:00,133571919.77
580,97,244,5,Ludhiana,Punjab,won,2024-09-15 20:00:00,1104985.75
581,116,342,200,Jodhpur,Rajasthan,new,2025-01-07 10:00:00,88902574.24
582,160,341,100,Lucknow,Uttar Pradesh,quoted,2025-04-05 12:00:00,24772916.24
583,12,344,200,Indore,Madhya Pradesh,won,2024-11-26 02:00:00,39870178.86
584,7,293,20,Patna,Bihar,negotiating,2024-03-04 20:00:00,7083450.12
585,50,317,500,Rajkot,Gujarat,negotiating,2024-01-28 18:00:00,291412481.81
586,122,258,1,Jaipur,Rajasthan,new,2025-04-24 17:00:00,538432.29
587,5,141,10,Kanpur,Uttar Pradesh,contacted,2024-12-27 18:00:00,6305609.86
588,137,311,50,Hubballi,Karnataka,quoted,2024-01-24 15:00:00,15924124.12
589,6,175,100,Bengaluru,Karnataka,contacted,2024-01-13 16:00:00,714887.64
590,66,47,2,Vijayawada,Andhra Pradesh,expired,2024-10-04 05:00:00,407263.37
591,47,131,2,Ranchi,Jharkhand,new,2025-05-02 13:00:00,1222932.04
592,16,315,50,Bengaluru,Karnataka,contacted,2024-12-31 01:00:00,917043.77
593,26,164,5,Pune,Maharashtra,quoted,2024-06-14 08:00:00,3077861.99
594,31,27,10,Bhopal,Madhya Pradesh,contacted,2024-11-01 18:00:00,85187.63
595,131,386,500,Guwahati,Assam,quoted,2024-02-28 08:00:00,5555332.5
596,119,284,100,Kolkata,West Bengal,new,2024-01-15 13:00:00,75213755.97
597,5,138,500,Kanpur,Uttar Pradesh,expired,2024-12-11 03:00:00,6030820.5
598,143,334,5,Bhubaneswar,Odisha,contacted,2024-07-27 14:00:00,201703.5
599,129,105,5,Jodhpur,Rajasthan,quoted,2024-03-27 07:00:00,3849930.27
600,109,285,200,Surat,Gujarat,new,2025-02-20 14:00:00,2829858.17
601,159,149,5,Raipur,Chhattisgarh,new,2025-04-22 15:00:00,1239952.26
602,65,349,100,Raipur,Chhattisgarh,expired,2025-03-07 20:00:00,21969145.86
603,131,145,1,Guwahati,Assam,new,2024-09-30 18:00:00,12187.91
604,23,203,2,Coimbatore,Tamil Nadu,lost,2025-01-06 17:00:00,1210705.41
605,111,108,500,Lucknow,Uttar Pradesh,expired,2024-06-11 21:00:00,116878161.62
606,67,386,200,Noida,Uttar Pradesh,contacted,2024-12-05 10:00:00,2437897.35
607,118,307,50,Nagpur,Maharashtra,new,2024-12-20 04:00:00,25854990.17
608,1,312,200,Udaipur,Rajasthan,new,2024-01-05 21:00:00,149133431.91
609,143,357,200,Bhubaneswar,Odisha,won,2024-10-02 02:00:00,73926773.97
610,20,276,1,Mysuru,Karnataka,lost,2025-02-21 21:00:00,674036.52
611,32,181,100,Chandigarh,Chandigarh,lost,2024-07-02 12:00:00,889945.53
612,3,64,200,Durgapur,West Bengal,quoted,2024-04-08 14:00:00,5069761.83
613,6,389,20,Bengaluru,Karnataka,won,2024-12-29 11:00:00,81249.39
614,158,321,20,Amritsar,Punjab,lost,2024-04-23 07:00:00,9222335.43
615,93,19,20,Mumbai,Maharashtra,quoted,2024-12-26 22:00:00,10100553.46
616,2,101,100,Hubballi,Karnataka,new,2024-05-22 18:00:00,1299241.91
617,44,283,10,Ranchi,Jharkhand,negotiating,2024-10-16 21:00:00,6580743.18
618,145,90,2,Thiruvananthapuram,Kerala,negotiating,2025-01-16 02:00:00,32333.91
619,146,117,500,Howrah,West Bengal,won,2024-05-20 06:00:00,1964699.05
620,6,355,500,Bengaluru,Karnataka,negotiating,2024-12-14 17:00:00,45090273.41
621,1,219,1,Udaipur,Rajasthan,lost,2024-06-14 13:00:00,316858.78
622,105,141,2,Visakhapatnam,Andhra Pradesh,won,2024-08-26 15:00:00,1229278.96
623,12,370,10,Indore,Madhya Pradesh,new,2025-04-15 13:00:00,6586815.76
624,81,3,100,Thiruvananthapuram,Kerala,contacted,2024-02-11 18:00:00,1025541.47
625,58,354,100,Delhi,Delhi,expired,2025-04-14 07:00:00,62837135.79
626,85,160,2,Udaipur,Rajasthan,negotiating,2024-02-19 00:00:00,158265.86
627,7,304,50,Patna,Bihar,lost,2024-05-06 03:00:00,35169818.69
628,88,28,50,Thiruvananthapuram,Kerala,quoted,2024-05-01 02:00:00,17697269.09
629,159,225,2,Raipur,Chhattisgarh,negotiating,2024-10-23 03:00:00,30482.0
630,16,18,100,Bengaluru,Karnataka,contacted,2025-03-10 22:00:00,1873879.43
631,33,32,200,Hyderabad,Telangana,new,2024-11-08 20:00:00,11003341.43
632,27,347,1,Surat,Gujarat,negotiating,2024-05-30 12:00:00,391419.9
633,159,386,100,Raipur,Chhattisgarh,contacted,2024-11-02 21:00:00,1327360.87
634,117,197,200,Hubballi,Karnataka,won,2025-03-26 19:00:00,34725936.61
635,87,334,1,Ahmedabad,Gujarat,quoted,2024-06-17 18:00:00,41842.09
636,27,7,2,Surat,Gujarat,negotiating,2025-03-06 06:00:00,667615.96
637,33,327,500,Hyderabad,Telangana,contacted,2024-08-03 15:00:00,297343129.9
638,114,96,10,Mumbai,Maharashtra,new,2024-01-23 01:00:00,4483510.38
639,150,224,500,Ranchi,Jharkhand,expired,2025-01-21 11:00:00,85621858.76
640,139,398,5,Jodhpur,Rajasthan,new,2024-06-07 19:00:00,5450.89
641,95,5,500,Howrah,West Bengal,negotiating,2024-12-13 04:00:00,1344009.62
642,130,420,500,Nagpur,Maharashtra,lost,2024-08-04 11:00:00,4520299.74
643,52,328,10,Vadodara,Gujarat,won,2024-06-23 06:00:00,5205917.82
644,120,308,50,Jaipur,Rajasthan,lost,2024-10-16 10:00:00,1135904.95
645,108,169,5,Ranchi,Jharkhand,new,2025-03-24 01:00:00,3277875.83
646,1,328,10,Udaipur,Rajasthan,won,2024-08-26 19:00:00,4529793.1
647,124,377,50,Mumbai,Maharashtra,lost,2024-07-11 06:00:00,4275946.82
648,2,186,1,Hubballi,Karnataka,new,2024-01-16 17:00:00,7879.16
649,75,226,10,Guwahati,Assam,negotiating,2025-04-12 11:00:00,157809.75
650,8,102,10,Kolkata,West Bengal,contacted,2024-04-22 08:00:00,91550.72
651,87,284,10,Ahmedabad,Gujarat,new,2024-01-12 05:00:00,7975538.46
652,26,11,5,Pune,Maharashtra,quoted,2025-02-07 03:00:00,870544.29
653,54,157,200,Delhi,Delhi,contacted,2025-02-18 11:00:00,143670294.56
654,135,410,100,Coimbatore,Tamil Nadu,lost,2024-02-03 03:00:00,64715983.61
655,34,407,10,Vijayawada,Andhra Pradesh,contacted,2024-07-12 22:00:00,1157585.83
656,154,220,10,Jaipur,Rajasthan,lost,2025-01-25 19:00:00,402214.11
657,138,151,5,Jodhpur,Rajasthan,contacted,2024-01-28 20:00:00,2636713.34
658,33,261,200,Hyderabad,Telangana,contacted,2024-02-11 15:00:00,16743143.71
659,158,34,5,Amritsar,Punjab,quoted,2025-01-19 20:00:00,95358.06
660,96,256,500,Ludhiana,Punjab,quoted,2024-06-13 22:00:00,237518709.69
661,124,367,200,Mumbai,Maharashtra,quoted,2024-10-24 12:00:00,21043797.55
662,150,333,1,Ranchi,Jharkhand,contacted,2025-04-03 06:00:00,395694.43
663,61,203,10,Bengaluru,Karnataka,contacted,2025-03-31 12:00:00,5378297.12
664,96,131,500,Ludhiana,Punjab,new,2025-01-19 02:00:00,272342047.11
665,133,181,10,Bhubaneswar,Odisha,negotiating,2024-08-26 16:00:00,102117.92
666,110,231,200,Durgapur,West Bengal,quoted,2024-07-07 15:00:00,103580000.5
667,98,13,5,Raipur,Chhattisgarh,quoted,2024-05-15 20:00:00,1009776.04
668,22,151,500,Pune,Maharashtra,quoted,2024-11-25 02:00:00,262963747.05
669,59,51,2,Thiruvananthapuram,Kerala,new,2024-01-20 17:00:00,30437.04
670,51,346,50,Coimbatore,Tamil Nadu,contacted,2025-01-16 21:00:00,2270317.37
671,49,362,5,Amritsar,Punjab,expired,2025-01-20 22:00:00,89843.14
672,67,5,20,Noida,Uttar Pradesh,contacted,2024-06-26 12:00:00,70284.68
673,149,388,1,Patna,Bihar,quoted,2024-09-19 04:00:00,25290.46
674,59,117,10,Thiruvananthapuram,Kerala,quoted,2024-09-21 18:00:00,38635.43
675,120,370,200,Jaipur,Rajasthan,quoted,2024-02-13 10:00:00,144002557.32
676,110,395,100,Durgapur,West Bengal,contacted,2024-08-18 17:00:00,15960433.3
677,36,296,5,Chandigarh,Chandigarh,contacted,2025-01-12 00:00:00,4152263.51
678,91,174,10,Bhopal,Madhya Pradesh,quoted,2024-12-17 12:00:00,6647441.65
679,138,154,50,Jodhpur,Rajasthan,negotiating,2024-10-17 01:00:00,19751269.13
680,40,170,100,Lucknow,Uttar Pradesh,expired,2024-04-14 12:00:00,1704161.54
681,99,97,200,Hubballi,Karnataka,new,2024-10-18 14:00:00,119334007.17
682,78,48,5,Bengaluru,Karnataka,new,2024-10-10 05:00:00,25698.79
683,155,251,1,Coimbatore,Tamil Nadu,contacted,2024-02-05 12:00:00,159620.3
684,60,150,500,Delhi,Delhi,new,2024-01-30 11:00:00,7290115.35
685,44,168,100,Ranchi,Jharkhand,quoted,2024-02-26 04:00:00,30584465.68
686,123,381,2,Jodhpur,Rajasthan,quoted,2025-04-07 06:00:00,761649.06
687,53,159,100,Guwahati,Assam,lost,2024-12-06 15:00:00,35028317.1
688,148,159,10,Kanpur,Uttar Pradesh,quoted,2024-12-16 14:00:00,3639403.82
689,2,74,200,Hubballi,Karnataka,new,2024-07-23 19:00:00,83571924.41
690,135,169,200,Coimbatore,Tamil Nadu,quoted,2024-10-21 01:00:00,140620416.35
691,74,331,200,Amritsar,Punjab,quoted,2025-03-07 22:00:00,65716378.15
692,101,314,5,Udaipur,Rajasthan,quoted,2024-04-01 19:00:00,3453902.23
693,118,197,5,Nagpur,Maharashtra,won,2024-02-18 12:00:00,888117.14
694,12,123,5,Indore,Madhya Pradesh,contacted,2024-11-17 17:00:00,3479234.88
695,18,358,10,Bhopal,Madhya Pradesh,lost,2024-07-29 17:00:00,852962.91
696,95,40,2,Howrah,West Bengal,quoted,2025-02-03 10:00:00,9517.58
697,43,130,10,Jaipur,Rajasthan,quoted,2024-08-24 00:00:00,5676351.92
698,119,196,50,Kolkata,West Bengal,won,2025-03-14 06:00:00,911856.36
699,3,129,2,Durgapur,West Bengal,won,2024-03-10 10:00:00,1762084.44
700,119,249,200,Kolkata,West Bengal,new,2024-10-07 21:00:00,558973.67
701,113,72,200,Chennai,Tamil Nadu,lost,2025-03-06 05:00:00,2110876.72
702,5,311,2,Kanpur,Uttar Pradesh,new,2024-03-04 17:00:00,616189.42
703,44,40,1,Ranchi,Jharkhand,won,2024-03-19 14:00:00,4682.48
704,56,366,1,Mumbai,Maharashtra,lost,2024-09-29 06:00:00,1981.76
705,13,326,500,Amritsar,Punjab,negotiating,2025-01-01 21:00:00,364093664.15
706,100,354,20,Coimbatore,Tamil Nadu,quoted,2024-11-02 00:00:00,11952735.45
707,97,393,10,Ludhiana,Punjab,lost,2024-07-10 07:00:00,217733.22
708,5,216,1,Kanpur,Uttar Pradesh,expired,2024-06-21 06:00:00,361004.26
709,17,113,2,Lucknow,Uttar Pradesh,won,2025-03-01 21:00:00,164477.74
710,43,23,100,Jaipur,Rajasthan,quoted,2025-02-21 10:00:00,350675.32
711,49,320,10,Amritsar,Punjab,lost,2024-07-21 13:00:00,4877213.91
712,55,55,50,Rajkot,Gujarat,contacted,2024-01-08 12:00:00,36083431.09
713,4,200,10,Vadodara,Gujarat,quoted,2024-02-03 21:00:00,2842233.09
714,160,189,1,Lucknow,Uttar Pradesh,new,2024-04-21 13:00:00,120623.98
715,154,256,2,Jaipur,Rajasthan,won,2025-02-09 18:00:00,890111.93
716,25,308,50,Warangal,Telangana,expired,2024-12-22 12:00:00,1156254.93
717,35,171,5,Bhubaneswar,Odisha,negotiating,2025-03-28 22:00:00,3788767.79
718,124,35,50,Mumbai,Maharashtra,new,2025-04-11 18:00:00,825619.16
719,131,328,10,Guwahati,Assam,quoted,2024-12-26 00:00:00,4558739.14
720,158,389,2,Amritsar,Punjab,contacted,2025-01-12 13:00:00,9644.54
721,159,41,1,Raipur,Chhattisgarh,new,2024-09-12 09:00:00,747908.73
722,97,105,1,Ludhiana,Punjab,contacted,2025-01-06 19:00:00,873008.7
723,114,379,50,Mumbai,Maharashtra,new,2024-06-11 20:00:00,32314318.08
724,11,267,100,Udaipur,Rajasthan,negotiating,2024-05-27 00:00:00,13129701.9
725,85,176,10,Udaipur,Rajasthan,contacted,2024-01-28 21:00:00,2922397.71
726,57,312,100,Udaipur,Rajasthan,quoted,2024-04-03 14:00:00,85881076.03
727,17,252,2,Lucknow,Uttar Pradesh,expired,2024-01-27 20:00:00,1429074.18
728,53,65,2,Guwahati,Assam,new,2024-10-08 06:00:00,50967.14
729,21,219,200,Pune,Maharashtra,contacted,2025-01-04 06:00:00,53042925.25
730,46,311,10,Jaipur,Rajasthan,contacted,2024-10-22 14:00:00,3275967.42
731,52,140,200,Vadodara,Gujarat,new,2025-05-12 11:00:00,129515053.82
732,43,242,200,Jaipur,Rajasthan,quoted,2024-11-08 23:00:00,82719660.07
733,40,420,200,Lucknow,Uttar Pradesh,new,2024-07-14 13:00:00,2201316.74
734,77,305,500,Hyderabad,Telangana,new,2025-01-07 05:00:00,3795377.2
735,119,157,200,Kolkata,West Bengal,contacted,2024-10-14 19:00:00,136266713.96
736,86,70,200,Vijayawada,Andhra Pradesh,contacted,2025-04-14 06:00:00,79603344.37
737,129,374,50,Jodhpur,Rajasthan,quoted,2025-04-18 13:00:00,36431268.05
738,96,197,200,Ludhiana,Punjab,contacted,2024-10-28 02:00:00,32609298.23
739,10,64,100,Raipur,Chhattisgarh,lost,2024-03-24 06:00:00,3206867.75
740,66,395,50,Vijayawada,Andhra Pradesh,quoted,2024-09-07 20:00:00,9815094.37
741,15,334,100,Chandigarh,Chandigarh,lost,2025-01-11 07:00:00,4253172.99
742,9,417,50,Bhopal,Madhya Pradesh,negotiating,2024-12-12 00:00:00,32749226.57
743,38,134,200,Ludhiana,Punjab,lost,2024-03-16 08:00:00,4045596.55
744,149,340,5,Patna,Bihar,new,2025-01-29 02:00:00,1003891.71
745,99,204,2,Hubballi,Karnataka,quoted,2024-04-06 13:00:00,1474253.86
746,110,130,20,Durgapur,West Bengal,quoted,2024-09-29 21:00:00,14530005.25
747,151,158,100,Hyderabad,Telangana,won,2025-04-18 23:00:00,58526140.51
748,28,326,50,Noida,Uttar Pradesh,lost,2024-05-17 23:00:00,29699295.18
749,102,358,20,Ranchi,Jharkhand,new,2024-03-27 15:00:00,1636840.32
750,18,397,100,Bhopal,Madhya Pradesh,quoted,2024-12-01 09:00:00,35102407.46
751,44,91,50,Ranchi,Jharkhand,contacted,2024-03-09 06:00:00,8245289.61
752,129,57,200,Jodhpur,Rajasthan,negotiating,2024-04-18 05:00:00,2947524.89
753,47,415,10,Ranchi,Jharkhand,contacted,2025-04-06 13:00:00,7329528.1
754,160,56,5,Lucknow,Uttar Pradesh,new,2024-02-13 12:00:00,3340807.01
755,17,176,1,Lucknow,Uttar Pradesh,negotiating,2024-09-01 15:00:00,268108.53
756,26,5,1,Pune,Maharashtra,contacted,2025-05-04 00:00:00,3253.4
757,11,50,10,Udaipur,Rajasthan,quoted,2024-01-04 12:00:00,37444.6
758,69,249,200,Chennai,Tamil Nadu,won,2024-11-05 13:00:00,576104.14
759,88,162,10,Thiruvananthapuram,Kerala,lost,2024-12-06 12:00:00,209177.89
760,15,183,50,Chandigarh,Chandigarh,lost,2024-01-02 14:00:00,6579825.14
761,103,372,5,Raipur,Chhattisgarh,new,2024-03-03 16:00:00,57598.94
762,64,189,200,Jaipur,Rajasthan,negotiating,2024-12-03 15:00:00,25766888.71
763,49,2,50,Amritsar,Punjab,new,2024-07-03 01:00:00,1180474.06
764,84,348,200,Patna,Bihar,contacted,2024-09-05 12:00:00,1454579.55
765,21,179,100,Pune,Maharashtra,lost,2025-04-27 15:00:00,13275446.23
766,26,376,100,Pune,Maharashtra,contacted,2024-04-09 22:00:00,70991341.73
767,134,293,500,Warangal,Telangana,new,2024-09-11 02:00:00,163619327.07
768,141,240,5,Bhopal,Madhya Pradesh,lost,2025-05-03 03:00:00,10946.18
769,139,124,10,Jodhpur,Rajasthan,contacted,2025-01-20 21:00:00,8264293.5
770,28,223,1,Noida,Uttar Pradesh,new,2025-04-20 10:00:00,49495.88
771,72,113,20,Warangal,Telangana,won,2025-05-02 21:00:00,1620233.64
772,35,274,200,Bhubaneswar,Odisha,new,2024-12-20 10:00:00,188894481.61
773,148,393,2,Kanpur,Uttar Pradesh,negotiating,2024-07-12 22:00:00,51341.75
774,98,335,500,Raipur,Chhattisgarh,expired,2024-08-11 07:00:00,9889049.33
775,30,149,2,Visakhapatnam,Andhra Pradesh,new,2024-06-23 23:00:00,546893.56
776,49,382,2,Amritsar,Punjab,negotiating,2024-03-06 10:00:00,1820864.39
777,148,378,1,Kanpur,Uttar Pradesh,contacted,2024-10-29 17:00:00,211017.64
778,100,217,50,Coimbatore,Tamil Nadu,won,2025-02-12 21:00:00,41736963.02
779,33,267,10,Hyderabad,Telangana,new,2024-01-05 17:00:00,1580230.42
780,81,75,20,Thiruvananthapuram,Kerala,lost,2024-09-12 21:00:00,449404.08
781,154,146,5,Jaipur,Rajasthan,won,2025-03-10 22:00:00,3517657.5
782,82,159,500,Nagpur,Maharashtra,expired,2024-03-04 08:00:00,224197342.25
783,147,245,10,Kolkata,West Bengal,quoted,2024-12-26 12:00:00,6337937.45
784,86,79,10,Vijayawada,Andhra Pradesh,lost,2025-04-23 07:00:00,7592321.01
785,14,398,5,Indore,Madhya Pradesh,lost,2025-01-07 12:00:00,5375.73
786,41,12,500,Jodhpur,Rajasthan,quoted,2024-08-04 21:00:00,327539244.76
787,90,388,100,Chennai,Tamil Nadu,quoted,2024-09-27 23:00:00,2130813.01
788,50,359,500,Rajkot,Gujarat,quoted,2024-03-08 10:00:00,310162851.24
789,149,413,1,Patna,Bihar,lost,2024-12-29 09:00:00,553418.33
790,42,296,5,Mumbai,Maharashtra,quoted,2024-09-04 09:00:00,4647348.31
791,54,112,10,Delhi,Delhi,won,2024-01-05 11:00:00,7152021.3
792,148,53,5,Kanpur,Uttar Pradesh,quoted,2024-08-06 21:00:00,1673736.6
793,15,50,50,Chandigarh,Chandigarh,expired,2024-04-01 01:00:00,160763.68
794,132,333,50,Bhopal,Madhya Pradesh,negotiating,2025-05-11 04:00:00,20837922.22
795,104,126,1,Mysuru,Karnataka,new,2024-07-22 15:00:00,72853.04
796,153,89,100,Pune,Maharashtra,won,2025-02-11 21:00:00,2311365.56
797,119,419,100,Kolkata,West Bengal,contacted,2024-11-30 14:00:00,360879.45
798,31,60,2,Bhopal,Madhya Pradesh,new,2024-11-24 21:00:00,10220.51
799,58,12,200,Delhi,Delhi,contacted,2025-01-16 03:00:00,143730831.93
800,47,197,200,Ranchi,Jharkhand,expired,2024-12-25 13:00:00,31498649.68
